strategy_name,snippet_ID,model_raw_response,parsed_response,company,role,years_experience_required
zero_shot_prompt,j01,"```json
{
  ""company"": ""Acme Corp"",
  ""role"": ""Senior Software Engineer"",
  ""years_experience_required"": 5
}
```",null,Acme Corp,Senior Software Engineer,5
few_shot_prompt,j01,"{""company"": ""Acme Corp"", ""role"": ""Senior Software Engineer"", ""years_experience_required"": 5}","{""company"": ""Acme Corp"", ""role"": ""Senior Software Engineer"", ""years_experience_required"": 5}",Acme Corp,Senior Software Engineer,5
structured_prompt,j01,"{
  ""company"": ""Acme Corp"",
  ""role"": ""Senior Software Engineer"",
  ""years_experience_required"": 5
}","{""company"": ""Acme Corp"", ""role"": ""Senior Software Engineer"", ""years_experience_required"": 5}",Acme Corp,Senior Software Engineer,5
cot_prompt,j01,"{
  ""company"": ""Acme Corp"",
  ""role"": ""Senior Software Engineer"",
  ""years_experience_required"": 5,
  ""reasoning"": ""The job posting states that the ideal candidate has '5+ years of backend development experience', which indicates that a minimum of 5 years is required for the role.""
}","{""company"": ""Acme Corp"", ""role"": ""Senior Software Engineer"", ""years_experience_required"": 5, ""reasoning"": ""The job posting states that the ideal candidate has '5+ years of backend development experience', which indicates that a minimum of 5 years is required for the role.""}",Acme Corp,Senior Software Engineer,5
zero_shot_prompt,j02,"```json
{
  ""company"": ""Northwind Ltd"",
  ""role"": ""Data Analyst"",
  ""years_experience_required"": 2
}
```",null,Northwind Ltd,Data Analyst,2
few_shot_prompt,j02,"{""company"": ""Northwind Ltd"", ""role"": ""Data Analyst"", ""years_experience_required"": 2}","{""company"": ""Northwind Ltd"", ""role"": ""Data Analyst"", ""years_experience_required"": 2}",Northwind Ltd,Data Analyst,2
structured_prompt,j02,"{
  ""company"": ""Northwind Ltd."",
  ""role"": ""Data Analyst"",
  ""years_experience_required"": 2
}","{""company"": ""Northwind Ltd."", ""role"": ""Data Analyst"", ""years_experience_required"": 2}",Northwind Ltd.,Data Analyst,2
cot_prompt,j02,"{
  ""company"": ""Northwind Ltd."",
  ""role"": ""Data Analyst"",
  ""years_experience_required"": 2,
  ""reasoning"": ""The job posting explicitly mentions that 2 years minimum experience is preferred, which indicates the minimum years of experience required for this role.""
}","{""company"": ""Northwind Ltd."", ""role"": ""Data Analyst"", ""years_experience_required"": 2, ""reasoning"": ""The job posting explicitly mentions that 2 years minimum experience is preferred, which indicates the minimum years of experience required for this role.""}",Northwind Ltd.,Data Analyst,2
zero_shot_prompt,j03,"```json
{
  ""company"": ""Globex International"",
  ""role"": ""Product Manager - Growth"",
  ""years_experience_required"": 4
}
```",null,Globex International,Product Manager - Growth,4
few_shot_prompt,j03,"{""company"": ""Globex International"", ""role"": ""Product Manager - Growth"", ""years_experience_required"": 4}","{""company"": ""Globex International"", ""role"": ""Product Manager - Growth"", ""years_experience_required"": 4}",Globex International,Product Manager - Growth,4
structured_prompt,j03,"{
  ""company"": ""Globex International"",
  ""role"": ""Product Manager - Growth"",
  ""years_experience_required"": 4
}","{""company"": ""Globex International"", ""role"": ""Product Manager - Growth"", ""years_experience_required"": 4}",Globex International,Product Manager - Growth,4
cot_prompt,j03,"{
  ""company"": ""Globex International"",
  ""role"": ""Product Manager - Growth"",
  ""years_experience_required"": 4,
  ""reasoning"": ""The job posting clearly states that the candidate should have 'at least 4 years of product management experience in B2C contexts,' indicating the exact number of years of experience required for the role.""
}","{""company"": ""Globex International"", ""role"": ""Product Manager - Growth"", ""years_experience_required"": 4, ""reasoning"": ""The job posting clearly states that the candidate should have 'at least 4 years of product management experience in B2C contexts,' indicating the exact number of years of experience required for the role.""}",Globex International,Product Manager - Growth,4
zero_shot_prompt,j04,"```json
{
  ""company"": ""Initech"",
  ""role"": ""Lead DevOps Engineer"",
  ""years_experience_required"": 6
}
```",null,Initech,Lead DevOps Engineer,6
few_shot_prompt,j04,"{""company"": ""Initech"", ""role"": ""Lead DevOps Engineer"", ""years_experience_required"": 6}","{""company"": ""Initech"", ""role"": ""Lead DevOps Engineer"", ""years_experience_required"": 6}",Initech,Lead DevOps Engineer,6
structured_prompt,j04,"{
  ""company"": ""Initech"",
  ""role"": ""Lead DevOps Engineer"",
  ""years_experience_required"": 6
}","{""company"": ""Initech"", ""role"": ""Lead DevOps Engineer"", ""years_experience_required"": 6}",Initech,Lead DevOps Engineer,6
cot_prompt,j04,"```json
{
  ""company"": ""Initech"",
  ""role"": ""Lead DevOps Engineer"",
  ""years_experience_required"": 6,
  ""reasoning"": ""The job posting specifies that they expect around 6 years of hands-on infrastructure work, so the extracted value for years of experience required is 6.""
}
```",null,Initech,Lead DevOps Engineer,6
zero_shot_prompt,j05,"```json
{
    ""company"": ""Hooli"",
    ""role"": ""Junior Frontend Developer"",
    ""years_experience_required"": 0
}
```",null,Hooli,Junior Frontend Developer,0
few_shot_prompt,j05,"{""company"": ""Hooli"", ""role"": ""Junior Frontend Developer"", ""years_experience_required"": 0}","{""company"": ""Hooli"", ""role"": ""Junior Frontend Developer"", ""years_experience_required"": 0}",Hooli,Junior Frontend Developer,0
structured_prompt,j05,"{
  ""company"": ""Hooli"",
  ""role"": ""Junior Frontend Developer"",
  ""years_experience_required"": 0
}","{""company"": ""Hooli"", ""role"": ""Junior Frontend Developer"", ""years_experience_required"": 0}",Hooli,Junior Frontend Developer,0
cot_prompt,j05,"{
  ""company"": ""Hooli"",
  ""role"": ""Junior Frontend Developer"",
  ""years_experience_required"": 0,
  ""reasoning"": ""The job posting explicitly states 'no prior experience required' which indicates that even fresh graduates without any experience can apply. Therefore, the minimum years of experience required is 0.""
}","{""company"": ""Hooli"", ""role"": ""Junior Frontend Developer"", ""years_experience_required"": 0, ""reasoning"": ""The job posting explicitly states 'no prior experience required' which indicates that even fresh graduates without any experience can apply. Therefore, the minimum years of experience required is 0.""}",Hooli,Junior Frontend Developer,0
zero_shot_prompt,j06,"```json
{
  ""company"": ""Pied Piper Inc."",
  ""role"": ""Senior ML Engineer"",
  ""years_experience_required"": ""7+""
}
```",null,Pied Piper Inc.,Senior ML Engineer,7+
few_shot_prompt,j06,"{""company"": ""Pied Piper Inc."", ""role"": ""Senior ML Engineer"", ""years_experience_required"": 7}","{""company"": ""Pied Piper Inc."", ""role"": ""Senior ML Engineer"", ""years_experience_required"": 7}",Pied Piper Inc.,Senior ML Engineer,7
structured_prompt,j06,"{
  ""company"": ""Pied Piper Inc."",
  ""role"": ""Senior ML Engineer"",
  ""years_experience_required"": 7
}","{""company"": ""Pied Piper Inc."", ""role"": ""Senior ML Engineer"", ""years_experience_required"": 7}",Pied Piper Inc.,Senior ML Engineer,7
cot_prompt,j06,"{
  ""company"": ""Pied Piper Inc."",
  ""role"": ""Senior ML Engineer"",
  ""years_experience_required"": 7,
  ""reasoning"": ""The job posting specifies '7+ years in production ML and distributed systems' which indicates a minimum requirement of 7 years. Even though it mentions that 'exceptional candidates with less are welcome,' the extracted value focuses on the standard requirement stated.""
}","{""company"": ""Pied Piper Inc."", ""role"": ""Senior ML Engineer"", ""years_experience_required"": 7, ""reasoning"": ""The job posting specifies '7+ years in production ML and distributed systems' which indicates a minimum requirement of 7 years. Even though it mentions that 'exceptional candidates with less are welcome,' the extracted value focuses on the standard requirement stated.""}",Pied Piper Inc.,Senior ML Engineer,7
zero_shot_prompt,j07,"```json
{
  ""company"": ""Soylent Industries"",
  ""role"": ""Engineering Manager"",
  ""years_experience_required"": 3
}
```",null,Soylent Industries,Engineering Manager,3
few_shot_prompt,j07,"{""company"": ""Soylent Industries"", ""role"": ""Engineering Manager"", ""years_experience_required"": 3}","{""company"": ""Soylent Industries"", ""role"": ""Engineering Manager"", ""years_experience_required"": 3}",Soylent Industries,Engineering Manager,3
structured_prompt,j07,"{
  ""company"": ""Soylent Industries"",
  ""role"": ""Engineering Manager"",
  ""years_experience_required"": 3
}","{""company"": ""Soylent Industries"", ""role"": ""Engineering Manager"", ""years_experience_required"": 3}",Soylent Industries,Engineering Manager,3
cot_prompt,j07,"{
  ""company"": ""Soylent Industries"",
  ""role"": ""Engineering Manager"",
  ""years_experience_required"": 3,
  ""reasoning"": ""The job posting explicitly mentions 'about three years leading engineering teams', which I interpreted as a requirement for at least 3 years of experience in a leadership role in engineering.""
}","{""company"": ""Soylent Industries"", ""role"": ""Engineering Manager"", ""years_experience_required"": 3, ""reasoning"": ""The job posting explicitly mentions 'about three years leading engineering teams', which I interpreted as a requirement for at least 3 years of experience in a leadership role in engineering.""}",Soylent Industries,Engineering Manager,3
zero_shot_prompt,j08,"```json
{
  ""company"": ""Wonka Confectionery Ltd."",
  ""role"": ""Senior UX Researcher"",
  ""years_experience_required"": 5
}
```",null,Wonka Confectionery Ltd.,Senior UX Researcher,5
few_shot_prompt,j08,"{""company"": ""Wonka Confectionery Ltd."", ""role"": ""Senior UX Researcher"", ""years_experience_required"": 5}","{""company"": ""Wonka Confectionery Ltd."", ""role"": ""Senior UX Researcher"", ""years_experience_required"": 5}",Wonka Confectionery Ltd.,Senior UX Researcher,5
structured_prompt,j08,"{
  ""company"": ""Wonka Confectionery Ltd."",
  ""role"": ""Senior UX Researcher"",
  ""years_experience_required"": 5
}","{""company"": ""Wonka Confectionery Ltd."", ""role"": ""Senior UX Researcher"", ""years_experience_required"": 5}",Wonka Confectionery Ltd.,Senior UX Researcher,5
cot_prompt,j08,"To extract the required information from the job posting, I will identify the relevant components:

1. **Company Name**: The company name is clearly stated as ""Wonka Confectionery Ltd.""
2. **Role**: The role is mentioned directly as ""Senior UX Researcher.""
3. **Years of Experience Required**: The posting specifies a requirement of ""Five years of UX research experience.""

Bringing this all together, my answer in JSON format will be:

```json
{
  ""company"": ""Wonka Confectionery Ltd."",
  ""role"": ""Senior UX Researcher"",
  ""years_experience_required"": 5,
  ""reasoning"": ""The job posting clearly states the company as 'Wonka Confectionery Ltd.', the role as 'Senior UX Researcher', and specifies that five years of UX research experience is required.""
}
```",null,Wonka Confectionery Ltd.,Senior UX Researcher,5
zero_shot_prompt,j09,"```json
{
  ""company"": ""Stark Industries"",
  ""role"": ""Cybersecurity Analyst"",
  ""years_experience_required"": ""3-5 years""
}
```",null,Stark Industries,Cybersecurity Analyst,3-5 years
few_shot_prompt,j09,"{""company"": ""Stark Industries"", ""role"": ""Cybersecurity Analyst"", ""years_experience_required"": 3}","{""company"": ""Stark Industries"", ""role"": ""Cybersecurity Analyst"", ""years_experience_required"": 3}",Stark Industries,Cybersecurity Analyst,3
structured_prompt,j09,"{
  ""company"": ""Stark Industries"",
  ""role"": ""Cybersecurity Analyst"",
  ""years_experience_required"": 3
}","{""company"": ""Stark Industries"", ""role"": ""Cybersecurity Analyst"", ""years_experience_required"": 3}",Stark Industries,Cybersecurity Analyst,3
cot_prompt,j09,"{
  ""company"": ""Stark Industries"",
  ""role"": ""Cybersecurity Analyst"",
  ""years_experience_required"": 3,
  ""reasoning"": ""The job posting states 'Three to five years in a SOC environment or equivalent', indicating that the minimum required experience is three years.""
}","{""company"": ""Stark Industries"", ""role"": ""Cybersecurity Analyst"", ""years_experience_required"": 3, ""reasoning"": ""The job posting states 'Three to five years in a SOC environment or equivalent', indicating that the minimum required experience is three years.""}",Stark Industries,Cybersecurity Analyst,3
zero_shot_prompt,j10,"```json
{
  ""company"": ""Cyberdyne Systems"",
  ""role"": ""AI/ML Research Scientist"",
  ""years_experience_required"": ""Not specified""
}
```",null,Cyberdyne Systems,AI/ML Research Scientist,Not specified
few_shot_prompt,j10,"{""company"": ""Cyberdyne Systems"", ""role"": ""AI/ML Research Scientist"", ""years_experience_required"": ""null""}","{""company"": ""Cyberdyne Systems"", ""role"": ""AI/ML Research Scientist"", ""years_experience_required"": ""null""}",Cyberdyne Systems,AI/ML Research Scientist,null
structured_prompt,j10,"{
  ""company"": ""Cyberdyne Systems"",
  ""role"": ""AI/ML Research Scientist"",
  ""years_experience_required"": null
}","{""company"": ""Cyberdyne Systems"", ""role"": ""AI/ML Research Scientist"", ""years_experience_required"": null}",Cyberdyne Systems,AI/ML Research Scientist,
cot_prompt,j10,"{
  ""company"": ""Cyberdyne Systems"",
  ""role"": ""AI/ML Research Scientist"",
  ""years_experience_required"": 0,
  ""reasoning"": ""The job posting does not specify a required number of years of experience, indicating they hire based on demonstrated impact rather than a specific duration of experience. Therefore, I’ve assigned a value of 0 to signify that no minimum years of experience are explicitly stated.""
}","{""company"": ""Cyberdyne Systems"", ""role"": ""AI/ML Research Scientist"", ""years_experience_required"": 0, ""reasoning"": ""The job posting does not specify a required number of years of experience, indicating they hire based on demonstrated impact rather than a specific duration of experience. Therefore, I\u2019ve assigned a value of 0 to signify that no minimum years of experience are explicitly stated.""}",Cyberdyne Systems,AI/ML Research Scientist,0
